txt,coef_corr_chroma,corr_total,coef_corr_spectra,id,keyMidi,tempoMidi,durationMidi,keyWAV,tempoWAV,durationWav,name,key,time_signature,ratio_negras_corcheas,muiñeira_type,location,lat,lon,classification,province,audio_kind
Muiñeira da Fonsagrada,0.9544915834001346,Spectra,0.9554871524924196,130,C,119.99610900878906,82.25,C,117.20484161376952,45.376914978027344,Muiñeira da Fonsagrada,C major,6/8,0.1195652173913043,C1,"A Fonsagrada, Lugo",431.248.311,-70.676.605,A Fonsagrada-Asturias,LU,REC
Muiñeira da Fonsagrada,0.9544915834001346,Spectra,0.9554871524924196,260,C,120.02972412109376,116.75,C,112.18809509277344,96.5920181274414,Muiñeira da Fonsagrada,C major,6/8,0.0814814814814814,C2,"A Fonsagrada, Lugo",431.248.311,-70.676.605,A Fonsagrada-Asturias,LU,REC
Muiñeira de Oliveira,0.9979416336865057,Chroma,0.9932914199435111,126,C,80.00122833251953,61.0,C,129.50559997558594,140.94509887695312,Muiñeira de Oliveira,C major,6/8,0.96,,"Santiago de Oliveira, Ponteareas, Pontevedra",421.822.609,-84.523.004,Rias Baixas,PO,REC
Muiñeira do Hío,0.98036705703328,Chroma,0.9082661462227178,416,C,119.98046875,68.75,C,142.6953582763672,139.06431579589844,Muiñeira do Hío,C major,6/8,0.1785714285714285,C1,"Hío, Cangas, Pontevedra",422.728.376,-8.841.498,Rias Baixas,PO,YTB
Muiñeira de Negros,0.9247677017478095,Spectra,0.9496391954939587,287,C,119.95962524414062,74.5,C,90.64321899414062,46.06539535522461,Muiñeira de Negros,C major,6/8,0.3444444444444444,C1,"Negros, Redondela, Pontevedra",422.598.627,-86.216.602,Rias Baixas,PO,REC
Muiñeira de Parada de Achas,0.23013625511047373,Spectra,0.9801524949103462,362,C,119.86011505126952,28.25,C,142.64553833007812,115.44961547851562,Muiñeira de Parada de Achas,c minor,6/8,0.1506849315068493,,"Parada de Achas, A Cañiza, Pontevedra",42.173.403,-830.473.225,Rias Baixas,PO,YTB
Muiñeira do Molete,0.9522268862858226,Spectra,0.9527551545552376,317,C,80.00248718261719,82.25,C,112.43946075439452,45.376914978027344,Muiñeira do Molete,C major,6/8,0.2985074626865671,C2,Pontevedra,426.075.172,-84.714.942,Rias Baixas,PO,REC
Muiñeira de Vilarmide,0.9611729616407407,Spectra,0.9682854744930403,450,C,119.99526977539062,127.25,C,123.97909545898438,236.19337463378903,Muiñeira de Vilarmide,C major,6/8,0.0920245398773006,C2,"Vilarmide, A Pontenova, Lugo",432.789.245,-71.913.498,A Fonsagrada-Asturias,LU,YTB
Muiñeira do Condado,0.9448603203825185,Spectra,0.9550517633801638,203,C,120.0809555053711,68.75,C,103.3843002319336,95.81619262695312,Muiñeira do Condado,C major,6/8,0.1063829787234042,C1,"O Condado, Pontevedra",4.217.671.145,-8.488.781.069.275.160,Rias Baixas,PO,REC
Muiñeira de Pol,0.9862513370543077,Chroma,0.985886009383042,52,C,132.0460968017578,30.99995422363281,C,122.4806137084961,45.376914978027344,Muiñeira de Pol,C major,6/8,0.1294117647058823,C1,"Pol, Lugo",4.314.281.665,-7.321.889.132.285.170,A Fonsagrada-Asturias,LU,REC
Muiñeira de Ramelle,0.9986404833275142,Chroma,0.9833898813703587,341,C,120.06150817871094,82.25,C,129.10836791992188,62.62421798706055,Muiñeira de Ramelle,c minor,6/8,0.108695652173913,C2,"Ramelle, Friol, Lugo",430.338.813,-78.263.409,Not classified,LU,YTB
Muiñeira de Desiderio,0.9893314271918188,Chroma,0.6676845812662732,161,C,120.02371978759766,125.75,C,117.1698989868164,95.81619262695312,Muiñeira de Desiderio,C major,6/8,0.1176470588235294,C1,"Vilarmide, A Pontenova, Lugo",432.789.245,-71.913.498,A Fonsagrada-Asturias,LU,YTB
Muiñeira de Quindous,0.7601921075097199,Chroma,0.7318529020801953,2,C,112.33152770996094,107.7646484375,C,117.6005859375,45.376914978027344,Muiñeira de Quindous,C major,6/8,0.3125,C1,"Quindous, Cervantes, Lugo",428.556.407,-69.957.933,Ancares,LU,REC
Muiñeira de Coia,0.9805355833519321,Spectra,0.9976389795436443,9,C,120.00596618652344,108.1665496826172,C,96.89703369140624,102.9340591430664,Muiñeira de Coia,F major,6/8,0.2188841201716738,C1,"Coia, Vigo, Pontevedra",422.182.924,-87.441.073,Rias Baixas,PO,YTB
Muiñeira do Chao,0.7372999987125151,Spectra,0.926706045248686,312,C,120.01748657226562,50.5,C,132.5618438720703,238.4805450439453,Muiñeira do Chao,C major,6/8,0.144927536231884,C1,"O Chao, O Barco de Valdeorras, Ourense",424.189.993,-69.817.358,Not classified,OU,YTB
Muiñeira de Pastoriza,0.9718198433248052,Chroma,0.9676107822739782,18,C,141.98178100585938,47.61968231201172,C,122.85906219482422,45.376914978027344,Muiñeira de Pastoriza,C major,6/8,0.0571428571428571,C1,"Pastoriza, Lugo",433.000.026,-73.511.022,A Fonsagrada-Asturias,LU,REC
Muiñeira de Arabexo,0.7931725724245002,Chroma,0.7896717065005494,36,C,146.18368530273438,28.123310089111328,C,117.48538208007812,95.81619262695312,Muiñeira de Arabexo,C major,6/8,0.1176470588235294,C1,"Arabexo, Val do Dubra, A Coruña",43.068.020.849.999.900,-8.657.671.483.625.100,Costa do Morte,CO,REC
Muiñeira de Corme,0.8679459058184595,Spectra,0.8791814265920118,66,C,120.0011978149414,46.166622161865234,C,111.82362365722656,95.81619262695312,Muiñeira de Corme,C major,6/8,0.1475409836065573,C1,"Corme, Ponteceso, A Coruña",432.649.815,-89.628.988,Costa do Morte,CO,REC
Muiñeira de Vilar de Conforto,0.9985843692223073,Chroma,0.9901524487726845,148,C,119.9894790649414,82.25,C,119.8652114868164,69.98493957519531,Muiñeira de Vilar de Conforto,C major,6/8,0.1494252873563218,C2,"Vilar de Conforto, A Pontenova, Lugo",433.604.703,-71.525.053.712.882.100,A Fonsagrada-Asturias,LU,YTB
Muiñeira de Ancadeira,0.49583547652237636,Spectra,0.8875635340535278,414,C,119.88280487060548,122.75,C,134.38677978515625,193.9066467285156,Muiñeira de Ancadeira,C major,6/8,0.2376237623762376,C2,"A Fonsagrada, Lugo",431.248.311,-70.676.605,A Fonsagrada-Asturias,LU,YTB
Muiñeira de Ventosa,0.8455806327090547,Spectra,0.8611967434092785,6,C,80.0159683227539,50.5,C,116.66737365722656,95.81619262695312,Muiñeira de Ventosa,C major,6/8,0.16,C1,"Ventosa, Pontevedra",427.366.955,-797.617,Not classified,PO,REC
Muiñeira de Eirís,0.9606582220994856,Chroma,0.8862680209300283,20,C,120.0163803100586,116.75,C,127.01786041259766,195.7733154296875,Muiñeira de Eirís,C major,6/8,0.09375,C2,"Eirís, A Coruña, A Coruña",433.426.745,-8.395.072,A Coruña,CO,YTB
Muiñeira de San Román de Cervantes,0.9933092178987879,Chroma,0.9931979423984489,92,C,120.0505599975586,33.99995422363281,C,111.8804931640625,45.376914978027344,Muiñeira de San Román de Cervantes,C major,6/8,0.3068181818181818,C1,"San Román, Cervantes, Lugo",42.853.731,-70.549.167,Ancares,LU,REC
Muiñeira de Carballo,0.8753268608338489,Chroma,0.8455342069188794,116,C,120.01609802246094,50.5,C,128.72329711914062,151.9862060546875,Muiñeira de Carballo,C major,6/8,0.1234567901234567,C2,"Carballo, A Coruña",432.134.123,-86.891.286,Costa do Morte,CO,REC
Muiñeira de Folgoso,0.7746542513704957,Spectra,0.9814377806198541,413,C,80.01591491699219,89.75,C,112.18771362304688,95.81619262695312,Muiñeira de Folgoso,a minor,6/8,0.5135135135135135,C1,"Folgoso do Courel, Lugo",425.882.486,-71.925.449,Courel,LU,REC
Muiñeira de Pazos de Borbén,0.9974567014672144,Spectra,0.9975138423967597,81,C,135.99913024902344,35.852970123291016,C,123.6599349975586,45.376914978027344,Muiñeira de Pazos de Borbén,C major,6/8,19.047.619.047.619.000,C2,"Pazos de Borbén, Pontevedra",422.849.584,-8.530.047.868.320.790,Rias Baixas,PO,REC
Ribeirana de Pontevedra,0.847533852275835,Spectra,0.8713299373857357,173,C,120.01773834228516,50.5,C,117.7852783203125,95.81619262695312,Ribeirana de Pontevedra,C major,6/8,0.0625,C2,"Pontevedra, Pontevedra",424.318.876,-86.431.592,Rias Baixas,PO,REC
Muiñeira de Boimoirto,0.995793983910626,Spectra,0.99874912038884,42,C,129.96746826171875,84.23068237304688,C,112.82100677490234,95.81619262695312,Muiñeira de Boimoirto,C major,6/8,0.1195652173913043,C2,"Boimorto, A Coruña",430.074.402,-81.269.242,Not classified,CO,REC
Muiñeira de Eiriz,0.9718867386460981,Chroma,0.948844358271985,78,C,80.00179290771484,82.25,C,117.84095001220705,95.81619262695312,Muiñeira de Eiriz,C major,6/8,0.4680851063829787,C2,"Eiriz, Folgoso do Courel, Lugo",425.894.237,-72.220.799,Courel,LU,REC
Muiñeira de Ponte Maceira,0.8444814398527757,Spectra,0.8702040649267503,135,C,120.0119171142578,50.5,C,112.37918853759766,95.81619262695312,Muiñeira de Ponte Maceira,C major,6/8,0.0,C2,"Ponte Maceira, Negreira, A Coruña",42.905.445,-86.962.309,Costa do Morte,CO,REC
Muiñeira de Campolameiro,0.9745946485635022,Chroma,0.9440908189637863,29,C,129.9804229736328,50.99993133544922,C,111.16911315917967,95.81619262695312,Muiñeira de Campolameiro,C major,6/8,0.0377358490566037,C1,"Campolameiro, Pontevedra",425.422.912,-8.540.772.255.060.590,Rias Baixas,PO,REC
Muiñeira de Ourense,0.9184135243742767,Chroma,0.8901139148482005,273,C,120.02848052978516,114.5,C,126.99031829833984,175.719970703125,Muiñeira de Ourense,C major,6/8,0.0384615384615384,C1,"Ourense, Ourense",423.436.415,-78.674.242,Not classified,OU,REC
Muiñeira,0.9267872467755969,Chroma,0.8342863935171397,96,C,119.9101104736328,89.75,C,117.92579650878906,45.376914978027344,Muiñeira,C major,6/8,0.1276595744680851,C1,"Vilarmide, A Pontenova, Lugo",432.789.245,-71.913.498,A Fonsagrada-Asturias,LU,REC
Muiñeira,0.9267872467755969,Chroma,0.8342863935171397,93,C,80.00615692138672,92.5,C,114.98088836669922,45.376914978027344,Muiñeira,C major,6/8,0.3333333333333333,C2,"Navia de Suarna, Lugo",429.644.848,-695.678.939.929.841,Ancares,LU,REC
Muiñeira,0.9267872467755969,Chroma,0.8342863935171397,97,C,79.99983215332031,88.25,C,117.00836181640624,45.376914978027344,Muiñeira,C major,6/8,0.4126984126984127,C1,"Vilarmide, A Pontenova, Lugo",432.789.245,-71.913.498,A Fonsagrada-Asturias,LU,REC
Ribeirana de Redondela,0.9077571723262354,Chroma,0.8844053944044953,445,C,120.0147705078125,26.5,C,126.61648559570312,245.9999847412109,Ribeirana de Redondela,C major,6/8,0.2419354838709677,C1,"Redondela, Pontevedra",42.284.221,-86.085.992,Rias Baixas,PO,YTB
Muiñeira de Cernades,0.9153103415992797,Chroma,0.9105849824941241,196,C,120.00286102294922,64.25,C,122.5329818725586,45.376914978027344,Muiñeira de Cernades,a minor,6/8,0.2105263157894736,C1,Pontevedra,426.075.172,-84.714.942,Rias Baixas,PO,REC
Muiñeira de Monterrei,0.8210458935383892,Chroma,0.8192380969574045,74,C,129.45957946777344,34.2307243347168,C,122.4056167602539,95.81619262695312,Muiñeira de Monterrei,a minor,6/8,0.2131147540983606,C1,"Monterrei, Ourense",419.467.657,-74.491.474,Portuguese Border,OU,REC
Muiñeira de Montrove,0.973194657510566,Chroma,0.8737914325620253,19,C,80.02771759033203,83.75,C,111.0893096923828,45.376914978027344,Muiñeira de Montrove,C major,6/8,0.3818181818181818,C2,"Montrove, Cambre, A Coruña",432.803.751,-83.297.129,A Coruña,CO,REC
Muiñeira de Forcarei,0.7330210978124849,Chroma,0.6825763415165232,141,C,80.0146255493164,74.5,C,150.335205078125,167.04432678222656,Muiñeira de Forcarei,G major,6/8,0.2266666666666666,C1,"Forcarei, Pontevedra",425.900.309,-83.509.643,Rias Baixas,PO,YTB
Muiñeira do Areal,0.9802260339850795,Chroma,0.9764007342961734,249,C,119.9866943359375,83.75,C,111.7928466796875,95.81619262695312,Muiñeira do Areal,C major,6/8,0.134453781512605,C1,Lugo,430.462.247,-74.739.921,Not classified,LU,REC
Muiñeira de Xinzo,0.9986347935016161,Chroma,0.9789128771095249,140,C,120.0358657836914,109.25,C,107.76451873779295,95.81619262695312,Muiñeira de Xinzo,F major,6/8,0.1019108280254777,C1,"Xinzo de Limia, Ourense",420.637.882,-77.245.498,Portuguese Border,OU,REC
Muiñeira de Cartelle,0.9587499097895689,Chroma,0.7553537905402162,263,C,119.9057846069336,74.5,C,135.73455810546875,144.49331665039062,Muiñeira de Cartelle,C major,6/8,0.3214285714285714,C2,"Cartelle, Ourense",422.492.308,-80.688.652,Not classified,OU,YTB
Muiñeira de Florencio,0.9669853929395674,Spectra,0.9810900665020107,121,C,120.17414093017578,68.75,C,102.76292419433594,45.376914978027344,Muiñeira de Florencio,F major,6/8,0.1529411764705882,C1,"A Fonsagrada, Lugo",431.248.311,-70.676.605,A Fonsagrada-Asturias,LU,REC
Muiñeira de Valdeferreiros,0.9214187890114262,Chroma,0.6567131703925034,330,C,119.99065399169922,116.75,C,132.75863647460938,143.66664123535156,Muiñeira de Valdeferreiros,C major,6/8,0.112,C1,"Valdeferreiros, Ibias, Asturies",430.289.283,-69.803.187,Ancares,LU,YTB
Muliñeira de Romeor,0.9582517036244125,Chroma,0.9345114017382093,123,C,119.9911880493164,82.25,C,120.19747924804688,95.81619262695312,Muliñeira de Romeor,C major,6/8,0.0744680851063829,C1,"Romeor, Folgoso do Courel, Lugo",426.407.659,-70.946.001,Courel,LU,REC
Muiñeira de Chantada,0.9377375381618663,Spectra,0.9585785231680786,219,C,79.99272918701172,152.75,C,112.01817321777344,95.81619262695312,Muiñeira de Chantada,C major,6/8,0.3888888888888889,C2,"Chantada, Lugo",426.089.783,-78.218.597,Not classified,LU,REC
